Start(s),End(s),Longitude,Latitude,image_names
0.1,0.2,73.00135763743417,19.149798647687,"['DJI_0010.JPG', 'DJI_0011.JPG', 'DJI_0012.JPG', 'DJI_0013.JPG']"
0.2,0.3,73.00133032234424,19.15009562139936,"['DJI_0010.JPG', 'DJI_0011.JPG', 'DJI_0012.JPG', 'DJI_0046.JPG', 'DJI_0047.JPG', 'DJI_0048.JPG', 'DJI_0049.JPG']"
0.3,0.4,73.00133054701594,19.15014289798843,"['DJI_0010.JPG', 'DJI_0011.JPG', 'DJI_0012.JPG', 'DJI_0046.JPG', 'DJI_0047.JPG', 'DJI_0048.JPG', 'DJI_0049.JPG', 'DJI_0055.JPG', 'DJI_0056.JPG']"
0.4,0.5,73.0013307073652,19.15017665911837,"['DJI_0011.JPG', 'DJI_0046.JPG', 'DJI_0047.JPG', 'DJI_0048.JPG', 'DJI_0049.JPG', 'DJI_0055.JPG', 'DJI_0056.JPG', 'DJI_0057.JPG']"
0.5,0.6,73.00132376677641,19.15021711710226,"['DJI_0046.JPG', 'DJI_0047.JPG', 'DJI_0048.JPG', 'DJI_0049.JPG', 'DJI_0055.JPG', 'DJI_0056.JPG', 'DJI_0057.JPG']"
0.6,0.7,73.00132386340451,19.15023736602781,"['DJI_0046.JPG', 'DJI_0047.JPG', 'DJI_0048.JPG', 'DJI_0049.JPG', 'DJI_0055.JPG', 'DJI_0056.JPG', 'DJI_0057.JPG']"
0.7,0.8,73.00132412105252,19.15029135274155,"['DJI_0046.JPG', 'DJI_0047.JPG', 'DJI_0048.JPG', 'DJI_0049.JPG', 'DJI_0055.JPG', 'DJI_0056.JPG', 'DJI_0057.JPG']"
0.8,0.9,73.00132424972972,19.15031833940977,"['DJI_0046.JPG', 'DJI_0047.JPG', 'DJI_0048.JPG', 'DJI_0049.JPG', 'DJI_0055.JPG', 'DJI_0056.JPG', 'DJI_0057.JPG']"
0.9,1.0,73.00132453953252,19.15037904396667,"['DJI_0046.JPG', 'DJI_0047.JPG', 'DJI_0048.JPG', 'DJI_0055.JPG', 'DJI_0056.JPG', 'DJI_0057.JPG', 'DJI_0095.JPG']"
1.0,1.1,73.00132463611628,19.15039927389854,"['DJI_0047.JPG', 'DJI_0048.JPG', 'DJI_0055.JPG', 'DJI_0056.JPG', 'DJI_0057.JPG', 'DJI_0095.JPG', 'DJI_0096.JPG']"
1.1,1.2,73.00132489350985,19.15045320983492,"['DJI_0047.JPG', 'DJI_0055.JPG', 'DJI_0056.JPG', 'DJI_0057.JPG', 'DJI_0094.JPG', 'DJI_0095.JPG', 'DJI_0096.JPG']"
1.2,1.3,73.0013251185583,19.1505003897055,"['DJI_0055.JPG', 'DJI_0056.JPG', 'DJI_0057.JPG', 'DJI_0094.JPG', 'DJI_0095.JPG', 'DJI_0096.JPG', 'DJI_0097.JPG']"
1.3,1.4,73.00132521503909,19.15052060542047,"['DJI_0055.JPG', 'DJI_0056.JPG', 'DJI_0057.JPG', 'DJI_0094.JPG', 'DJI_0095.JPG', 'DJI_0096.JPG', 'DJI_0097.JPG']"
1.4,1.5,73.00132531258238,19.15054752112133,"['DJI_0055.JPG', 'DJI_0056.JPG', 'DJI_0057.JPG', 'DJI_0094.JPG', 'DJI_0095.JPG', 'DJI_0096.JPG', 'DJI_0097.JPG']"
1.5,1.6,73.00134662731992,19.15057436498573,"['DJI_0055.JPG', 'DJI_0056.JPG', 'DJI_0057.JPG', 'DJI_0094.JPG', 'DJI_0095.JPG', 'DJI_0096.JPG', 'DJI_0097.JPG']"
1.6,1.7,73.00135369040767,19.15060113096392,"['DJI_0055.JPG', 'DJI_0056.JPG', 'DJI_0057.JPG', 'DJI_0094.JPG', 'DJI_0095.JPG', 'DJI_0096.JPG', 'DJI_0097.JPG']"
1.7,1.8,73.00136075333278,19.15062789889061,"['DJI_0055.JPG', 'DJI_0056.JPG', 'DJI_0057.JPG', 'DJI_0094.JPG', 'DJI_0095.JPG', 'DJI_0096.JPG', 'DJI_0097.JPG']"
1.8,1.9,73.00138914669547,19.15067482606198,"['DJI_0055.JPG', 'DJI_0056.JPG', 'DJI_0057.JPG', 'DJI_0093.JPG', 'DJI_0094.JPG', 'DJI_0095.JPG', 'DJI_0096.JPG', 'DJI_0097.JPG', 'DJI_0106.JPG', 'DJI_0107.JPG']"
1.9,2.0,73.00141047532118,19.1506882837499,"['DJI_0056.JPG', 'DJI_0057.JPG', 'DJI_0093.JPG', 'DJI_0094.JPG', 'DJI_0095.JPG', 'DJI_0096.JPG', 'DJI_0106.JPG', 'DJI_0107.JPG']"
2.0,2.1,73.00145299060767,19.15074854024028,"['DJI_0093.JPG', 'DJI_0094.JPG', 'DJI_0095.JPG', 'DJI_0096.JPG', 'DJI_0106.JPG', 'DJI_0107.JPG', 'DJI_0108.JPG']"
2.1,2.2,73.00148134978508,19.15078202864481,"['DJI_0093.JPG', 'DJI_0094.JPG', 'DJI_0095.JPG', 'DJI_0096.JPG', 'DJI_0106.JPG', 'DJI_0107.JPG', 'DJI_0108.JPG']"
2.2,2.3,73.00150261594817,19.15080881586004,"['DJI_0093.JPG', 'DJI_0094.JPG', 'DJI_0095.JPG', 'DJI_0096.JPG', 'DJI_0106.JPG', 'DJI_0107.JPG', 'DJI_0108.JPG']"
2.3,2.4,73.00153097587089,19.15084230563017,"['DJI_0093.JPG', 'DJI_0094.JPG', 'DJI_0095.JPG', 'DJI_0106.JPG', 'DJI_0107.JPG', 'DJI_0108.JPG', 'DJI_0109.JPG']"
2.4,2.5,73.00155222901977,19.15087577920965,"['DJI_0093.JPG', 'DJI_0094.JPG', 'DJI_0095.JPG', 'DJI_0106.JPG', 'DJI_0107.JPG', 'DJI_0108.JPG', 'DJI_0109.JPG']"
2.5,2.6,73.00159477741093,19.15092267234941,"['DJI_0093.JPG', 'DJI_0094.JPG', 'DJI_0095.JPG', 'DJI_0106.JPG', 'DJI_0107.JPG', 'DJI_0108.JPG', 'DJI_0109.JPG', 'DJI_0146.JPG', 'DJI_0147.JPG']"
2.6,2.7,73.00161604529858,19.15094946214278,"['DJI_0093.JPG', 'DJI_0094.JPG', 'DJI_0106.JPG', 'DJI_0107.JPG', 'DJI_0108.JPG', 'DJI_0109.JPG', 'DJI_0146.JPG', 'DJI_0147.JPG']"
2.7,2.8,73.00164442004962,19.15097626778298,"['DJI_0093.JPG', 'DJI_0094.JPG', 'DJI_0106.JPG', 'DJI_0107.JPG', 'DJI_0108.JPG', 'DJI_0109.JPG', 'DJI_0110.JPG', 'DJI_0145.JPG', 'DJI_0146.JPG', 'DJI_0147.JPG']"
2.8,2.9,73.00165858193114,19.1510030431116,"['DJI_0106.JPG', 'DJI_0107.JPG', 'DJI_0108.JPG', 'DJI_0109.JPG', 'DJI_0110.JPG', 'DJI_0145.JPG', 'DJI_0146.JPG', 'DJI_0147.JPG']"
2.9,3.0,73.0016940259965,19.15104992424566,"['DJI_0107.JPG', 'DJI_0108.JPG', 'DJI_0109.JPG', 'DJI_0110.JPG', 'DJI_0145.JPG', 'DJI_0146.JPG', 'DJI_0147.JPG']"
3.0,3.1,73.00171529562876,19.15107671607293,"['DJI_0107.JPG', 'DJI_0108.JPG', 'DJI_0109.JPG', 'DJI_0110.JPG', 'DJI_0144.JPG', 'DJI_0145.JPG', 'DJI_0146.JPG', 'DJI_0147.JPG']"
3.1,3.2,73.00172944741077,19.15111018236003,"['DJI_0107.JPG', 'DJI_0108.JPG', 'DJI_0109.JPG', 'DJI_0110.JPG', 'DJI_0144.JPG', 'DJI_0145.JPG', 'DJI_0146.JPG', 'DJI_0147.JPG']"
3.2,3.3,73.0017506586586,19.15117041854989,"['DJI_0108.JPG', 'DJI_0109.JPG', 'DJI_0110.JPG', 'DJI_0144.JPG', 'DJI_0145.JPG', 'DJI_0146.JPG', 'DJI_0147.JPG']"
3.3,3.4,73.0017506112769,19.15119717498969,"['DJI_0108.JPG', 'DJI_0109.JPG', 'DJI_0144.JPG', 'DJI_0145.JPG', 'DJI_0146.JPG', 'DJI_0147.JPG', 'DJI_0161.JPG', 'DJI_0162.JPG']"
3.4,3.5,73.00175054026879,19.15123731347754,"['DJI_0108.JPG', 'DJI_0109.JPG', 'DJI_0144.JPG', 'DJI_0145.JPG', 'DJI_0146.JPG', 'DJI_0147.JPG', 'DJI_0161.JPG', 'DJI_0162.JPG']"
3.5,3.6,73.0017504928565,19.15126407509037,"['DJI_0144.JPG', 'DJI_0145.JPG', 'DJI_0146.JPG', 'DJI_0147.JPG', 'DJI_0160.JPG', 'DJI_0161.JPG', 'DJI_0162.JPG']"
3.6,3.7,73.00175040982239,19.15131091289569,"['DJI_0144.JPG', 'DJI_0145.JPG', 'DJI_0146.JPG', 'DJI_0147.JPG', 'DJI_0160.JPG', 'DJI_0161.JPG', 'DJI_0162.JPG', 'DJI_0163.JPG']"
3.7,3.8,73.001750374054,19.15133098832886,"['DJI_0144.JPG', 'DJI_0145.JPG', 'DJI_0146.JPG', 'DJI_0147.JPG', 'DJI_0160.JPG', 'DJI_0161.JPG', 'DJI_0162.JPG', 'DJI_0163.JPG']"
3.8,3.9,73.0017431824839,19.151377824047,"['DJI_0144.JPG', 'DJI_0145.JPG', 'DJI_0146.JPG', 'DJI_0147.JPG', 'DJI_0160.JPG', 'DJI_0161.JPG', 'DJI_0162.JPG', 'DJI_0163.JPG']"
3.9,4.0,73.00173601380622,19.15141127958551,"['DJI_0144.JPG', 'DJI_0145.JPG', 'DJI_0146.JPG', 'DJI_0147.JPG', 'DJI_0160.JPG', 'DJI_0161.JPG', 'DJI_0162.JPG', 'DJI_0163.JPG']"
4.0,4.1,73.00172885621791,19.15143804446359,"['DJI_0145.JPG', 'DJI_0146.JPG', 'DJI_0147.JPG', 'DJI_0160.JPG', 'DJI_0161.JPG', 'DJI_0162.JPG', 'DJI_0163.JPG']"
4.1,4.2,73.00171457575738,19.15147149707222,"['DJI_0145.JPG', 'DJI_0146.JPG', 'DJI_0147.JPG', 'DJI_0160.JPG', 'DJI_0161.JPG', 'DJI_0162.JPG', 'DJI_0163.JPG', 'DJI_0199.JPG']"
4.2,4.3,73.00170026855707,19.15151834618033,"['DJI_0146.JPG', 'DJI_0159.JPG', 'DJI_0160.JPG', 'DJI_0161.JPG', 'DJI_0162.JPG', 'DJI_0163.JPG', 'DJI_0198.JPG', 'DJI_0199.JPG', 'DJI_0200.JPG']"
4.3,4.4,73.00167173518889,19.15156518489221,"['DJI_0159.JPG', 'DJI_0160.JPG', 'DJI_0161.JPG', 'DJI_0162.JPG', 'DJI_0198.JPG', 'DJI_0199.JPG', 'DJI_0200.JPG', 'DJI_0201.JPG']"
4.4,4.5,73.0016574471502,19.15159865469154,"['DJI_0159.JPG', 'DJI_0160.JPG', 'DJI_0161.JPG', 'DJI_0162.JPG', 'DJI_0198.JPG', 'DJI_0199.JPG', 'DJI_0200.JPG', 'DJI_0201.JPG']"
4.5,4.6,73.00164315691651,19.15163212939938,"['DJI_0159.JPG', 'DJI_0160.JPG', 'DJI_0161.JPG', 'DJI_0162.JPG', 'DJI_0198.JPG', 'DJI_0199.JPG', 'DJI_0200.JPG', 'DJI_0201.JPG']"
4.6,4.7,73.00162882566767,19.15168570795802,"['DJI_0159.JPG', 'DJI_0160.JPG', 'DJI_0161.JPG', 'DJI_0162.JPG', 'DJI_0198.JPG', 'DJI_0199.JPG', 'DJI_0200.JPG', 'DJI_0201.JPG']"
4.7,4.8,73.00161453110223,19.15171919413776,"['DJI_0160.JPG', 'DJI_0161.JPG', 'DJI_0198.JPG', 'DJI_0199.JPG', 'DJI_0200.JPG', 'DJI_0201.JPG', 'DJI_0213.JPG']"
4.8,4.9,73.00160736310758,19.15174599081983,"['DJI_0160.JPG', 'DJI_0161.JPG', 'DJI_0198.JPG', 'DJI_0199.JPG', 'DJI_0200.JPG', 'DJI_0201.JPG', 'DJI_0213.JPG', 'DJI_0214.JPG']"
4.9,5.0,73.00160018122544,19.15177949198963,"['DJI_0160.JPG', 'DJI_0161.JPG', 'DJI_0198.JPG', 'DJI_0199.JPG', 'DJI_0200.JPG', 'DJI_0201.JPG', 'DJI_0212.JPG', 'DJI_0213.JPG', 'DJI_0214.JPG']"
5.0,5.1,73.00157159485504,19.1518397902726,"['DJI_0198.JPG', 'DJI_0199.JPG', 'DJI_0200.JPG', 'DJI_0201.JPG', 'DJI_0202.JPG', 'DJI_0212.JPG', 'DJI_0213.JPG', 'DJI_0214.JPG']"
5.1,5.2,73.00156440967349,19.15187330309565,"['DJI_0199.JPG', 'DJI_0200.JPG', 'DJI_0201.JPG', 'DJI_0202.JPG', 'DJI_0212.JPG', 'DJI_0213.JPG', 'DJI_0214.JPG']"
5.2,5.3,73.00155722334569,19.15190681979285,"['DJI_0199.JPG', 'DJI_0200.JPG', 'DJI_0201.JPG', 'DJI_0211.JPG', 'DJI_0212.JPG', 'DJI_0213.JPG', 'DJI_0214.JPG']"
5.3,5.4,73.0015429670886,19.15194035233123,"['DJI_0199.JPG', 'DJI_0200.JPG', 'DJI_0201.JPG', 'DJI_0211.JPG', 'DJI_0212.JPG', 'DJI_0213.JPG', 'DJI_0214.JPG']"
5.4,5.5,73.00153584849896,19.15196718908717,"['DJI_0199.JPG', 'DJI_0200.JPG', 'DJI_0201.JPG', 'DJI_0211.JPG', 'DJI_0212.JPG', 'DJI_0213.JPG', 'DJI_0214.JPG']"
5.5,5.6,73.00152161097348,19.152020864096,"['DJI_0200.JPG', 'DJI_0201.JPG', 'DJI_0211.JPG', 'DJI_0212.JPG', 'DJI_0213.JPG', 'DJI_0214.JPG', 'DJI_0254.JPG', 'DJI_0255.JPG']"
5.6,5.7,73.00150737287207,19.15205440893859,"['DJI_0200.JPG', 'DJI_0201.JPG', 'DJI_0211.JPG', 'DJI_0212.JPG', 'DJI_0213.JPG', 'DJI_0214.JPG', 'DJI_0253.JPG', 'DJI_0254.JPG', 'DJI_0255.JPG']"
5.7,5.8,73.00150737271979,19.15206783057776,"['DJI_0211.JPG', 'DJI_0212.JPG', 'DJI_0213.JPG', 'DJI_0214.JPG', 'DJI_0253.JPG', 'DJI_0254.JPG', 'DJI_0255.JPG']"
5.8,5.9,73.00149313423755,19.15210137669673,"['DJI_0211.JPG', 'DJI_0212.JPG', 'DJI_0213.JPG', 'DJI_0214.JPG', 'DJI_0253.JPG', 'DJI_0254.JPG', 'DJI_0255.JPG']"
5.9,6.0,73.0014788945762,19.15218861300788,"['DJI_0211.JPG', 'DJI_0212.JPG', 'DJI_0213.JPG', 'DJI_0214.JPG', 'DJI_0253.JPG', 'DJI_0254.JPG', 'DJI_0255.JPG', 'DJI_0256.JPG']"
6.0,6.1,73.00144329358449,19.15231611541438,"['DJI_0212.JPG', 'DJI_0213.JPG', 'DJI_0253.JPG', 'DJI_0254.JPG', 'DJI_0255.JPG', 'DJI_0256.JPG', 'DJI_0265.JPG', 'DJI_0266.JPG']"
6.1,6.2,73.00138632370391,19.15257115687138,"['DJI_0254.JPG', 'DJI_0255.JPG', 'DJI_0263.JPG', 'DJI_0264.JPG', 'DJI_0265.JPG', 'DJI_0266.JPG', 'DJI_0267.JPG', 'DJI_0310.JPG', 'DJI_0311.JPG', 'DJI_0312.JPG']"
6.2,6.3,73.00137915707727,19.15259800978113,"['DJI_0255.JPG', 'DJI_0263.JPG', 'DJI_0264.JPG', 'DJI_0265.JPG', 'DJI_0266.JPG', 'DJI_0267.JPG', 'DJI_0310.JPG', 'DJI_0311.JPG', 'DJI_0312.JPG']"
6.3,6.4,73.00135100066286,19.15277918593166,"['DJI_0264.JPG', 'DJI_0265.JPG', 'DJI_0266.JPG', 'DJI_0309.JPG', 'DJI_0310.JPG', 'DJI_0311.JPG', 'DJI_0312.JPG', 'DJI_0313.JPG']"
6.4,6.5,73.0012877065851,19.15320169784955,"['DJI_0320.JPG', 'DJI_0321.JPG', 'DJI_0322.JPG', 'DJI_0323.JPG', 'DJI_0370.JPG', 'DJI_0371.JPG', 'DJI_0372.JPG', 'DJI_0373.JPG']"
6.5,6.6,73.00124342444988,19.15355830847235,"['DJI_0370.JPG', 'DJI_0371.JPG', 'DJI_0372.JPG', 'DJI_0373.JPG', 'DJI_0379.JPG', 'DJI_0380.JPG', 'DJI_0381.JPG', 'DJI_0382.JPG', 'DJI_0383.JPG']"
6.6,6.7,73.0012427466367,19.15369308965585,"['DJI_0379.JPG', 'DJI_0380.JPG', 'DJI_0381.JPG', 'DJI_0382.JPG', 'DJI_0383.JPG', 'DJI_0431.JPG', 'DJI_0432.JPG', 'DJI_0433.JPG', 'DJI_0434.JPG']"
6.7,6.8,73.00124257705451,19.1537268014762,"['DJI_0379.JPG', 'DJI_0380.JPG', 'DJI_0381.JPG', 'DJI_0382.JPG', 'DJI_0383.JPG', 'DJI_0431.JPG', 'DJI_0432.JPG', 'DJI_0433.JPG', 'DJI_0434.JPG']"
6.8,6.9,73.00124240753345,19.15376051981366,"['DJI_0379.JPG', 'DJI_0380.JPG', 'DJI_0381.JPG', 'DJI_0382.JPG', 'DJI_0431.JPG', 'DJI_0432.JPG', 'DJI_0433.JPG', 'DJI_0434.JPG']"
6.9,7.0,73.00124217001013,19.15380773647745,"['DJI_0379.JPG', 'DJI_0380.JPG', 'DJI_0381.JPG', 'DJI_0382.JPG', 'DJI_0431.JPG', 'DJI_0432.JPG', 'DJI_0433.JPG', 'DJI_0434.JPG']"
7.0,7.1,73.00124193245887,19.15385496599228,"['DJI_0379.JPG', 'DJI_0380.JPG', 'DJI_0381.JPG', 'DJI_0431.JPG', 'DJI_0432.JPG', 'DJI_0433.JPG', 'DJI_0434.JPG', 'DJI_0443.JPG']"
7.1,7.2,73.00124152511798,19.15393596109965,"['DJI_0380.JPG', 'DJI_0381.JPG', 'DJI_0431.JPG', 'DJI_0432.JPG', 'DJI_0433.JPG', 'DJI_0434.JPG', 'DJI_0442.JPG', 'DJI_0443.JPG', 'DJI_0444.JPG']"
7.2,7.3,73.00124130441566,19.15398321080134,"['DJI_0431.JPG', 'DJI_0432.JPG', 'DJI_0433.JPG', 'DJI_0434.JPG', 'DJI_0442.JPG', 'DJI_0443.JPG', 'DJI_0444.JPG']"
7.3,7.4,73.0012412024176,19.15402364136785,"['DJI_0431.JPG', 'DJI_0432.JPG', 'DJI_0433.JPG', 'DJI_0434.JPG', 'DJI_0442.JPG', 'DJI_0443.JPG', 'DJI_0444.JPG', 'DJI_0445.JPG']"
7.4,7.5,73.00124101529335,19.15409777652967,"['DJI_0431.JPG', 'DJI_0432.JPG', 'DJI_0433.JPG', 'DJI_0434.JPG', 'DJI_0442.JPG', 'DJI_0443.JPG', 'DJI_0444.JPG', 'DJI_0445.JPG']"
7.5,7.6,73.00124091321662,19.1541382204156,"['DJI_0432.JPG', 'DJI_0433.JPG', 'DJI_0441.JPG', 'DJI_0442.JPG', 'DJI_0443.JPG', 'DJI_0444.JPG', 'DJI_0445.JPG', 'DJI_0496.JPG', 'DJI_0497.JPG']"
7.6,7.7,73.00124076005785,19.15419889548034,"['DJI_0432.JPG', 'DJI_0433.JPG', 'DJI_0441.JPG', 'DJI_0442.JPG', 'DJI_0443.JPG', 'DJI_0444.JPG', 'DJI_0445.JPG', 'DJI_0495.JPG', 'DJI_0496.JPG', 'DJI_0497.JPG']"
7.7,7.8,73.00124069200682,19.15422586553923,"['DJI_0441.JPG', 'DJI_0442.JPG', 'DJI_0443.JPG', 'DJI_0444.JPG', 'DJI_0445.JPG', 'DJI_0495.JPG', 'DJI_0496.JPG', 'DJI_0497.JPG']"
7.8,7.9,73.0012406238862,19.15425283783802,"['DJI_0442.JPG', 'DJI_0443.JPG', 'DJI_0444.JPG', 'DJI_0445.JPG', 'DJI_0495.JPG', 'DJI_0496.JPG', 'DJI_0497.JPG', 'DJI_0498.JPG']"
7.9,8.0,73.00124769573841,19.15429324319264,"['DJI_0442.JPG', 'DJI_0443.JPG', 'DJI_0444.JPG', 'DJI_0445.JPG', 'DJI_0495.JPG', 'DJI_0496.JPG', 'DJI_0497.JPG', 'DJI_0498.JPG']"
8.0,8.1,73.00294945875692,19.15500207986926,"['DJI_0518.JPG', 'DJI_0519.JPG', 'DJI_0556.JPG', 'DJI_0557.JPG', 'DJI_0558.JPG', 'DJI_0559.JPG', 'DJI_0591.JPG', 'DJI_0592.JPG']"
8.1,8.2,73.00304895959138,19.15499464007625,"['DJI_0519.JPG', 'DJI_0555.JPG', 'DJI_0556.JPG', 'DJI_0557.JPG', 'DJI_0558.JPG', 'DJI_0559.JPG', 'DJI_0591.JPG', 'DJI_0592.JPG', 'DJI_0593.JPG']"
8.2,8.3,73.00310579188489,19.15498751396087,"['DJI_0519.JPG', 'DJI_0520.JPG', 'DJI_0555.JPG', 'DJI_0556.JPG', 'DJI_0557.JPG', 'DJI_0558.JPG', 'DJI_0592.JPG', 'DJI_0593.JPG']"
8.3,8.4,73.00316260568637,19.154973678951,"['DJI_0519.JPG', 'DJI_0520.JPG', 'DJI_0555.JPG', 'DJI_0556.JPG', 'DJI_0557.JPG', 'DJI_0558.JPG', 'DJI_0592.JPG', 'DJI_0593.JPG', 'DJI_0594.JPG']"
8.4,8.5,73.00324069416318,19.15496640517463,"['DJI_0520.JPG', 'DJI_0521.JPG', 'DJI_0554.JPG', 'DJI_0555.JPG', 'DJI_0556.JPG', 'DJI_0557.JPG', 'DJI_0593.JPG', 'DJI_0594.JPG']"
8.5,8.6,73.00351727140013,19.15492418643615,"['DJI_0521.JPG', 'DJI_0522.JPG', 'DJI_0523.JPG', 'DJI_0552.JPG', 'DJI_0553.JPG', 'DJI_0554.JPG', 'DJI_0555.JPG', 'DJI_0556.JPG']"
8.6,8.7,73.00368725427437,19.15489617728149,"['DJI_0522.JPG', 'DJI_0523.JPG', 'DJI_0524.JPG', 'DJI_0551.JPG', 'DJI_0552.JPG', 'DJI_0553.JPG', 'DJI_0554.JPG']"
8.7,8.8,73.00374399702582,19.15488945637977,"['DJI_0522.JPG', 'DJI_0523.JPG', 'DJI_0524.JPG', 'DJI_0525.JPG', 'DJI_0551.JPG', 'DJI_0552.JPG', 'DJI_0553.JPG', 'DJI_0554.JPG']"
8.8,8.9,73.00380790221232,19.15486283686863,"['DJI_0523.JPG', 'DJI_0524.JPG', 'DJI_0525.JPG', 'DJI_0551.JPG', 'DJI_0552.JPG', 'DJI_0553.JPG', 'DJI_0554.JPG']"
8.9,9.0,73.00387886048864,19.15485618126201,"['DJI_0523.JPG', 'DJI_0524.JPG', 'DJI_0525.JPG', 'DJI_0526.JPG', 'DJI_0550.JPG', 'DJI_0551.JPG', 'DJI_0552.JPG', 'DJI_0553.JPG']"
9.0,9.1,73.0040138292821,19.15479626996759,"['DJI_0524.JPG', 'DJI_0525.JPG', 'DJI_0526.JPG', 'DJI_0527.JPG', 'DJI_0540.JPG', 'DJI_0550.JPG', 'DJI_0551.JPG', 'DJI_0552.JPG']"
9.1,9.2,73.00409920972069,19.15472301733992,"['DJI_0478.JPG', 'DJI_0479.JPG', 'DJI_0524.JPG', 'DJI_0525.JPG', 'DJI_0526.JPG', 'DJI_0527.JPG', 'DJI_0540.JPG', 'DJI_0549.JPG', 'DJI_0550.JPG', 'DJI_0551.JPG']"
9.2,9.3,73.00412060972148,19.15468971040233,"['DJI_0477.JPG', 'DJI_0478.JPG', 'DJI_0479.JPG', 'DJI_0524.JPG', 'DJI_0525.JPG', 'DJI_0526.JPG', 'DJI_0527.JPG', 'DJI_0540.JPG', 'DJI_0550.JPG', 'DJI_0551.JPG']"
9.3,9.4,73.00414912982097,19.15463631547695,"['DJI_0477.JPG', 'DJI_0478.JPG', 'DJI_0479.JPG', 'DJI_0524.JPG', 'DJI_0525.JPG', 'DJI_0526.JPG', 'DJI_0527.JPG', 'DJI_0528.JPG']"
9.4,9.5,73.00417040685504,19.15458934466348,"['DJI_0476.JPG', 'DJI_0477.JPG', 'DJI_0478.JPG', 'DJI_0479.JPG', 'DJI_0525.JPG', 'DJI_0526.JPG', 'DJI_0527.JPG', 'DJI_0528.JPG']"
9.5,9.6,73.00417042926622,19.15457597459308,"['DJI_0476.JPG', 'DJI_0477.JPG', 'DJI_0478.JPG', 'DJI_0479.JPG', 'DJI_0525.JPG', 'DJI_0526.JPG', 'DJI_0527.JPG', 'DJI_0528.JPG']"
9.6,9.7,73.00420613142519,19.15434831565304,"['DJI_0461.JPG', 'DJI_0462.JPG', 'DJI_0463.JPG', 'DJI_0476.JPG', 'DJI_0477.JPG', 'DJI_0478.JPG', 'DJI_0479.JPG']"
9.7,9.8,73.00420631804859,19.15424128243502,"['DJI_0461.JPG', 'DJI_0462.JPG', 'DJI_0463.JPG', 'DJI_0464.JPG', 'DJI_0476.JPG', 'DJI_0477.JPG', 'DJI_0478.JPG', 'DJI_0479.JPG']"
9.8,9.9,73.00420649270956,19.15414090894366,"['DJI_0413.JPG', 'DJI_0414.JPG', 'DJI_0415.JPG', 'DJI_0460.JPG', 'DJI_0461.JPG', 'DJI_0462.JPG', 'DJI_0463.JPG', 'DJI_0464.JPG', 'DJI_0477.JPG', 'DJI_0478.JPG']"
9.9,10.0,73.004206539482,19.15411413783556,"['DJI_0413.JPG', 'DJI_0414.JPG', 'DJI_0415.JPG', 'DJI_0460.JPG', 'DJI_0461.JPG', 'DJI_0462.JPG', 'DJI_0463.JPG', 'DJI_0464.JPG']"
10.0,10.1,73.00417139102674,19.15398713486066,"['DJI_0412.JPG', 'DJI_0413.JPG', 'DJI_0414.JPG', 'DJI_0415.JPG', 'DJI_0461.JPG', 'DJI_0462.JPG', 'DJI_0463.JPG']"
10.1,10.2,73.00415722991562,19.15396035168237,"['DJI_0412.JPG', 'DJI_0413.JPG', 'DJI_0414.JPG', 'DJI_0415.JPG', 'DJI_0416.JPG', 'DJI_0461.JPG', 'DJI_0462.JPG', 'DJI_0463.JPG']"
10.2,10.3,73.00412860915154,19.1538929883493,"['DJI_0398.JPG', 'DJI_0399.JPG', 'DJI_0400.JPG', 'DJI_0413.JPG', 'DJI_0414.JPG', 'DJI_0415.JPG', 'DJI_0416.JPG', 'DJI_0461.JPG', 'DJI_0462.JPG']"
10.3,10.4,73.00410001944293,19.15385250890726,"['DJI_0398.JPG', 'DJI_0399.JPG', 'DJI_0400.JPG', 'DJI_0413.JPG', 'DJI_0414.JPG', 'DJI_0415.JPG', 'DJI_0416.JPG']"
10.4,10.5,73.0040785082781,19.15379858840262,"['DJI_0397.JPG', 'DJI_0398.JPG', 'DJI_0399.JPG', 'DJI_0400.JPG', 'DJI_0413.JPG', 'DJI_0414.JPG', 'DJI_0415.JPG', 'DJI_0416.JPG']"
10.5,10.6,73.00402848277153,19.15371771296587,"['DJI_0397.JPG', 'DJI_0398.JPG', 'DJI_0399.JPG', 'DJI_0400.JPG', 'DJI_0414.JPG', 'DJI_0415.JPG', 'DJI_0416.JPG']"
10.6,10.7,73.00399268154307,19.15363018429631,"['DJI_0353.JPG', 'DJI_0354.JPG', 'DJI_0355.JPG', 'DJI_0396.JPG', 'DJI_0397.JPG', 'DJI_0398.JPG', 'DJI_0399.JPG', 'DJI_0400.JPG', 'DJI_0414.JPG', 'DJI_0415.JPG', 'DJI_0416.JPG']"
10.7,10.8,73.00387857129513,19.15346866249343,"['DJI_0353.JPG', 'DJI_0354.JPG', 'DJI_0355.JPG', 'DJI_0356.JPG', 'DJI_0396.JPG', 'DJI_0397.JPG', 'DJI_0398.JPG', 'DJI_0399.JPG']"
10.8,10.9,73.00386424878951,19.15342161633838,"['DJI_0353.JPG', 'DJI_0354.JPG', 'DJI_0355.JPG', 'DJI_0356.JPG', 'DJI_0396.JPG', 'DJI_0397.JPG', 'DJI_0398.JPG']"
10.9,11.0,73.00382142266183,19.15332755061154,"['DJI_0337.JPG', 'DJI_0338.JPG', 'DJI_0339.JPG', 'DJI_0354.JPG', 'DJI_0355.JPG', 'DJI_0356.JPG', 'DJI_0357.JPG', 'DJI_0397.JPG']"
11.0,11.1,73.00362940048501,19.15288519511436,"['DJI_0295.JPG', 'DJI_0296.JPG', 'DJI_0297.JPG', 'DJI_0298.JPG', 'DJI_0336.JPG', 'DJI_0337.JPG', 'DJI_0338.JPG']"
11.1,11.2,73.00361517516627,19.1528316414918,"['DJI_0278.JPG', 'DJI_0279.JPG', 'DJI_0295.JPG', 'DJI_0296.JPG', 'DJI_0297.JPG', 'DJI_0298.JPG', 'DJI_0336.JPG', 'DJI_0337.JPG']"
11.2,11.3,73.0036151502645,19.15280487242301,"['DJI_0277.JPG', 'DJI_0278.JPG', 'DJI_0279.JPG', 'DJI_0295.JPG', 'DJI_0296.JPG', 'DJI_0297.JPG', 'DJI_0298.JPG', 'DJI_0336.JPG', 'DJI_0337.JPG']"
11.3,11.4,73.00360803882756,19.15277810185915,"['DJI_0277.JPG', 'DJI_0278.JPG', 'DJI_0279.JPG', 'DJI_0295.JPG', 'DJI_0296.JPG', 'DJI_0297.JPG', 'DJI_0298.JPG']"
11.4,11.5,73.00359382021004,19.15273125776013,"['DJI_0277.JPG', 'DJI_0278.JPG', 'DJI_0279.JPG', 'DJI_0295.JPG', 'DJI_0296.JPG', 'DJI_0297.JPG', 'DJI_0298.JPG']"
11.5,11.6,73.00358667618009,19.15270448057447,"['DJI_0277.JPG', 'DJI_0278.JPG', 'DJI_0279.JPG', 'DJI_0280.JPG', 'DJI_0295.JPG', 'DJI_0296.JPG', 'DJI_0297.JPG', 'DJI_0298.JPG']"
11.6,11.7,73.00357244437444,19.15267101889836,"['DJI_0277.JPG', 'DJI_0278.JPG', 'DJI_0279.JPG', 'DJI_0280.JPG', 'DJI_0296.JPG', 'DJI_0297.JPG', 'DJI_0298.JPG']"
11.7,11.8,73.00355818275166,19.15262418505718,"['DJI_0276.JPG', 'DJI_0277.JPG', 'DJI_0278.JPG', 'DJI_0279.JPG', 'DJI_0280.JPG', 'DJI_0296.JPG', 'DJI_0297.JPG', 'DJI_0298.JPG']"
11.8,11.9,73.00355813015457,19.15259743227853,"['DJI_0241.JPG', 'DJI_0276.JPG', 'DJI_0277.JPG', 'DJI_0278.JPG', 'DJI_0279.JPG', 'DJI_0280.JPG', 'DJI_0296.JPG', 'DJI_0297.JPG', 'DJI_0298.JPG']"
11.9,12.0,73.0035510599161,19.15257069580224,"['DJI_0241.JPG', 'DJI_0242.JPG', 'DJI_0276.JPG', 'DJI_0277.JPG', 'DJI_0278.JPG', 'DJI_0279.JPG', 'DJI_0280.JPG', 'DJI_0296.JPG', 'DJI_0297.JPG', 'DJI_0298.JPG']"
12.0,12.1,73.00355105984538,19.15253727354014,"['DJI_0240.JPG', 'DJI_0241.JPG', 'DJI_0242.JPG', 'DJI_0276.JPG', 'DJI_0277.JPG', 'DJI_0278.JPG', 'DJI_0279.JPG', 'DJI_0280.JPG', 'DJI_0297.JPG']"
12.1,12.2,73.00355105973519,19.15251053566632,"['DJI_0240.JPG', 'DJI_0241.JPG', 'DJI_0242.JPG', 'DJI_0276.JPG', 'DJI_0277.JPG', 'DJI_0278.JPG', 'DJI_0279.JPG']"
12.2,12.3,73.00352984801323,19.15245706038395,"['DJI_0240.JPG', 'DJI_0241.JPG', 'DJI_0242.JPG', 'DJI_0243.JPG', 'DJI_0276.JPG', 'DJI_0277.JPG', 'DJI_0278.JPG', 'DJI_0279.JPG']"
12.3,12.4,73.00352984775381,19.15240358297055,"['DJI_0240.JPG', 'DJI_0241.JPG', 'DJI_0242.JPG', 'DJI_0243.JPG', 'DJI_0276.JPG', 'DJI_0277.JPG', 'DJI_0278.JPG', 'DJI_0279.JPG']"
12.4,12.5,73.00352984772421,19.15237015969944,"['DJI_0240.JPG', 'DJI_0241.JPG', 'DJI_0242.JPG', 'DJI_0243.JPG', 'DJI_0277.JPG', 'DJI_0278.JPG', 'DJI_0279.JPG']"
12.5,12.6,73.00352277680219,19.15234342008333,"['DJI_0240.JPG', 'DJI_0241.JPG', 'DJI_0242.JPG', 'DJI_0243.JPG', 'DJI_0277.JPG', 'DJI_0278.JPG', 'DJI_0279.JPG']"
12.6,12.7,73.00352277678473,19.15231668091562,"['DJI_0225.JPG', 'DJI_0226.JPG', 'DJI_0240.JPG', 'DJI_0241.JPG', 'DJI_0242.JPG', 'DJI_0243.JPG', 'DJI_0277.JPG', 'DJI_0278.JPG', 'DJI_0279.JPG']"
12.7,12.8,73.00352277657139,19.15226320335527,"['DJI_0225.JPG', 'DJI_0226.JPG', 'DJI_0240.JPG', 'DJI_0241.JPG', 'DJI_0242.JPG', 'DJI_0243.JPG', 'DJI_0278.JPG']"
12.8,12.9,73.00352277643658,19.15222309501178,"['DJI_0224.JPG', 'DJI_0225.JPG', 'DJI_0226.JPG', 'DJI_0227.JPG', 'DJI_0240.JPG', 'DJI_0241.JPG', 'DJI_0242.JPG', 'DJI_0243.JPG']"
12.9,13.0,73.00352277623703,19.15219635606842,"['DJI_0224.JPG', 'DJI_0225.JPG', 'DJI_0226.JPG', 'DJI_0227.JPG', 'DJI_0240.JPG', 'DJI_0241.JPG', 'DJI_0242.JPG', 'DJI_0243.JPG']"
13.0,13.1,73.003522776238,19.15214956300781,"['DJI_0224.JPG', 'DJI_0225.JPG', 'DJI_0226.JPG', 'DJI_0227.JPG', 'DJI_0240.JPG', 'DJI_0241.JPG', 'DJI_0242.JPG', 'DJI_0243.JPG']"
13.1,13.2,73.00352277594513,19.15210945447706,"['DJI_0224.JPG', 'DJI_0225.JPG', 'DJI_0226.JPG', 'DJI_0227.JPG', 'DJI_0240.JPG', 'DJI_0241.JPG', 'DJI_0242.JPG', 'DJI_0243.JPG']"
13.2,13.3,73.00352277595266,19.1520760310001,"['DJI_0224.JPG', 'DJI_0225.JPG', 'DJI_0226.JPG', 'DJI_0227.JPG', 'DJI_0240.JPG', 'DJI_0241.JPG', 'DJI_0242.JPG']"
13.3,13.4,73.00352277584324,19.15204929194449,"['DJI_0187.JPG', 'DJI_0188.JPG', 'DJI_0224.JPG', 'DJI_0225.JPG', 'DJI_0226.JPG', 'DJI_0227.JPG', 'DJI_0241.JPG', 'DJI_0242.JPG']"
13.4,13.5,73.00352277562949,19.15201586841521,"['DJI_0187.JPG', 'DJI_0188.JPG', 'DJI_0224.JPG', 'DJI_0225.JPG', 'DJI_0226.JPG', 'DJI_0227.JPG', 'DJI_0241.JPG', 'DJI_0242.JPG']"
13.5,13.6,73.00353691710373,19.15196240084555,"['DJI_0186.JPG', 'DJI_0187.JPG', 'DJI_0188.JPG', 'DJI_0189.JPG', 'DJI_0224.JPG', 'DJI_0225.JPG', 'DJI_0226.JPG', 'DJI_0227.JPG']"
13.6,13.7,73.00354398749899,19.15194903692882,"['DJI_0186.JPG', 'DJI_0187.JPG', 'DJI_0188.JPG', 'DJI_0189.JPG', 'DJI_0224.JPG', 'DJI_0225.JPG', 'DJI_0226.JPG', 'DJI_0227.JPG']"
13.7,13.8,73.00356519764942,19.15190226185968,"['DJI_0186.JPG', 'DJI_0187.JPG', 'DJI_0188.JPG', 'DJI_0189.JPG', 'DJI_0224.JPG', 'DJI_0225.JPG', 'DJI_0226.JPG', 'DJI_0227.JPG']"
13.8,13.9,73.00357226741508,19.15189558327248,"['DJI_0186.JPG', 'DJI_0187.JPG', 'DJI_0188.JPG', 'DJI_0189.JPG', 'DJI_0224.JPG', 'DJI_0225.JPG', 'DJI_0226.JPG', 'DJI_0227.JPG']"
13.9,14.0,73.00358640674654,19.15186885802865,"['DJI_0186.JPG', 'DJI_0187.JPG', 'DJI_0188.JPG', 'DJI_0189.JPG', 'DJI_0225.JPG', 'DJI_0226.JPG', 'DJI_0227.JPG']"
14.0,14.1,73.00360054552753,19.15182876643188,"['DJI_0186.JPG', 'DJI_0187.JPG', 'DJI_0188.JPG', 'DJI_0189.JPG', 'DJI_0225.JPG', 'DJI_0226.JPG', 'DJI_0227.JPG']"
14.1,14.2,73.00367123064356,19.15174863012053,"['DJI_0173.JPG', 'DJI_0174.JPG', 'DJI_0185.JPG', 'DJI_0186.JPG', 'DJI_0187.JPG', 'DJI_0188.JPG', 'DJI_0226.JPG', 'DJI_0227.JPG']"
14.2,14.3,73.00369243339051,19.15174196861732,"['DJI_0173.JPG', 'DJI_0174.JPG', 'DJI_0175.JPG', 'DJI_0185.JPG', 'DJI_0186.JPG', 'DJI_0187.JPG', 'DJI_0188.JPG', 'DJI_0226.JPG', 'DJI_0227.JPG']"
14.3,14.4,73.0037207018661,19.15174199759587,"['DJI_0173.JPG', 'DJI_0174.JPG', 'DJI_0175.JPG', 'DJI_0185.JPG', 'DJI_0186.JPG', 'DJI_0187.JPG', 'DJI_0188.JPG', 'DJI_0226.JPG', 'DJI_0227.JPG']"
14.4,14.5,73.00377016577971,19.15172868379123,"['DJI_0173.JPG', 'DJI_0174.JPG', 'DJI_0175.JPG', 'DJI_0184.JPG', 'DJI_0185.JPG', 'DJI_0186.JPG', 'DJI_0187.JPG', 'DJI_0188.JPG', 'DJI_0227.JPG']"
14.5,14.6,73.0038266877215,19.15171537935,"['DJI_0174.JPG', 'DJI_0175.JPG', 'DJI_0176.JPG', 'DJI_0184.JPG', 'DJI_0185.JPG', 'DJI_0186.JPG', 'DJI_0187.JPG']"
14.6,14.7,73.003876136699,19.15170875042047,"['DJI_0174.JPG', 'DJI_0175.JPG', 'DJI_0176.JPG', 'DJI_0184.JPG', 'DJI_0185.JPG', 'DJI_0186.JPG', 'DJI_0187.JPG']"
14.7,14.8,73.00391851593731,19.1517087957131,"['DJI_0174.JPG', 'DJI_0175.JPG', 'DJI_0176.JPG', 'DJI_0183.JPG', 'DJI_0184.JPG', 'DJI_0185.JPG', 'DJI_0186.JPG', 'DJI_0187.JPG']"
14.8,14.9,73.00395382803289,19.15170883387764,"['DJI_0174.JPG', 'DJI_0175.JPG', 'DJI_0176.JPG', 'DJI_0183.JPG', 'DJI_0184.JPG', 'DJI_0185.JPG', 'DJI_0186.JPG']"
14.9,15.0,73.00401032013443,19.15169553437751,"['DJI_0175.JPG', 'DJI_0176.JPG', 'DJI_0177.JPG', 'DJI_0183.JPG', 'DJI_0184.JPG', 'DJI_0185.JPG', 'DJI_0186.JPG']"
15.0,15.1,73.00410915880562,19.15168896297335,"['DJI_0175.JPG', 'DJI_0176.JPG', 'DJI_0177.JPG', 'DJI_0178.JPG', 'DJI_0182.JPG', 'DJI_0183.JPG', 'DJI_0184.JPG', 'DJI_0185.JPG']"
15.1,15.2,73.00413739314382,19.15168231548071,"['DJI_0175.JPG', 'DJI_0176.JPG', 'DJI_0177.JPG', 'DJI_0178.JPG', 'DJI_0182.JPG', 'DJI_0183.JPG', 'DJI_0184.JPG', 'DJI_0185.JPG']"
15.2,15.3,73.00418654618487,19.15168253110204,"['DJI_0176.JPG', 'DJI_0177.JPG', 'DJI_0178.JPG', 'DJI_0182.JPG', 'DJI_0183.JPG', 'DJI_0184.JPG', 'DJI_0185.JPG']"
15.3,15.4,73.00421456892695,19.15167601179161,"['DJI_0176.JPG', 'DJI_0177.JPG', 'DJI_0178.JPG', 'DJI_0182.JPG', 'DJI_0183.JPG', 'DJI_0184.JPG', 'DJI_0185.JPG']"
15.4,15.5,73.00428457555854,19.15165638900853,"['DJI_0176.JPG', 'DJI_0177.JPG', 'DJI_0178.JPG', 'DJI_0179.JPG', 'DJI_0181.JPG', 'DJI_0182.JPG', 'DJI_0183.JPG', 'DJI_0184.JPG']"
15.5,15.6,73.00431255862345,19.15165655061348,"['DJI_0176.JPG', 'DJI_0177.JPG', 'DJI_0178.JPG', 'DJI_0179.JPG', 'DJI_0180.JPG', 'DJI_0181.JPG', 'DJI_0182.JPG', 'DJI_0183.JPG', 'DJI_0184.JPG']"
15.6,15.7,73.00434752164527,19.15165675217239,"['DJI_0177.JPG', 'DJI_0178.JPG', 'DJI_0179.JPG', 'DJI_0180.JPG', 'DJI_0181.JPG', 'DJI_0182.JPG', 'DJI_0183.JPG', 'DJI_0184.JPG']"
15.7,15.8,73.0043684905302,19.1516568734327,"['DJI_0177.JPG', 'DJI_0178.JPG', 'DJI_0179.JPG', 'DJI_0180.JPG', 'DJI_0181.JPG', 'DJI_0182.JPG', 'DJI_0183.JPG', 'DJI_0184.JPG']"
15.8,15.9,73.00441041018219,19.15165711530607,"['DJI_0177.JPG', 'DJI_0178.JPG', 'DJI_0179.JPG', 'DJI_0180.JPG', 'DJI_0181.JPG', 'DJI_0182.JPG', 'DJI_0183.JPG']"
15.9,16.0,73.00450812344138,19.1516576791071,"['DJI_0178.JPG', 'DJI_0179.JPG', 'DJI_0180.JPG', 'DJI_0181.JPG', 'DJI_0182.JPG', 'DJI_0183.JPG']"
16.0,16.1,73.0045360162188,19.15165784031166,"['DJI_0178.JPG', 'DJI_0179.JPG', 'DJI_0180.JPG', 'DJI_0181.JPG', 'DJI_0182.JPG', 'DJI_0183.JPG']"
16.1,16.2,73.00484203064553,19.15174602113504,['DJI_0181.JPG']
16.2,16.3,73.0062431522348,19.15226303678499,[]
16.3,16.4,73.00725998470065,19.15270159679901,[]
